{
  "scenario": "customer_ordering_load",
  "avg_response_time_ms": 1878.4055790123482,
  "p95_response_time_ms": 9632.11823,
  "avg_menu_latency_ms": 5585.133333333333,
  "avg_cart_latency_ms": 23.081481481481482,
  "avg_checkout_latency_ms": 27.255555555555556,
  "avg_payment_latency_ms": null,
  "p95_payment_latency_ms": null,
  "avg_workflow_duration_ms": 7636.585185185185,
  "p95_workflow_duration_ms": 12326,
  "throughput_req_per_sec": 4.442253239964804,
  "failure_rate": 0.6666666666666666,
  "order_success_rate": 4.3333333333333
}