{
    "root_group": {
        "name": "",
        "path": "",
        "id": "d41d8cd98f00b204e9800998ecf8427e",
        "groups": {},
        "checks": {
                "status is 200 or 201": {
                    "name": "status is 200 or 201",
                    "path": "::status is 200 or 201",
                    "id": "84a4ddb4484a5d859d169f8c46a575bf",
                    "passes": 1533,
                    "fails": 42
                },
                "response under 3s": {
                    "name": "response under 3s",
                    "path": "::response under 3s",
                    "id": "5a801b324ec354a66bce6cc569dea9b3",
                    "passes": 1575,
                    "fails": 0
                }
            }
    },
    "metrics": {
        "http_req_waiting": {
            "p(90)": 572.3378200000001,
            "p(95)": 591.54245,
            "avg": 408.8852224126983,
            "min": 203.4065,
            "med": 407.2077,
            "max": 624.9421
        },
        "vus": {
            "value": 1,
            "min": 1,
            "max": 25
        },
        "data_sent": {
            "count": 844200,
            "rate": 4672.695311515495
        },
        "http_reqs": {
            "count": 1575,
            "rate": 8.71771513342443
        },
        "http_req_blocked": {
            "max": 10.1428,
            "p(90)": 0,
            "p(95)": 0,
            "avg": 0.021199365079365082,
            "min": 0,
            "med": 0
        },
        "frontend_to_backend_latency": {
            "avg": 409.59492063492064,
            "min": 204,
            "med": 408,
            "max": 626,
            "p(90)": 573,
            "p(95)": 592
        },
        "checks": {
            "passes": 3108,
            "fails": 42,
            "value": 0.9866666666666667
        },
        "iteration_duration": {
            "avg": 1410.0467012063489,
            "min": 1204.5248,
            "med": 1408.3715,
            "max": 1626.6579,
            "p(90)": 1573.1201,
            "p(95)": 1592.57428
        },
        "iterations": {
            "count": 1575,
            "rate": 8.71771513342443
        },
        "payment_success_rate": {
            "passes": 1533,
            "fails": 42,
            "thresholds": {
                "rate>0.90": false
            },
            "value": 0.9733333333333334
        },
        "http_req_duration": {
            "p(90)": 572.76878,
            "p(95)": 592.20399,
            "avg": 409.54041650793664,
            "min": 204.1529,
            "med": 407.8758,
            "max": 626.26,
            "thresholds": {
                "p(95)<2500": false
            }
        },
        "http_req_connecting": {
            "p(90)": 0,
            "p(95)": 0,
            "avg": 0.014730920634920635,
            "min": 0,
            "med": 0,
            "max": 1.2698
        },
        "vus_max": {
            "value": 25,
            "min": 25,
            "max": 25
        },
        "payments_processed": {
            "count": 1533,
            "rate": 8.485242729866446
        },
        "data_received": {
            "rate": 3100.506586481754,
            "count": 560158
        },
        "http_req_failed": {
            "passes": 42,
            "fails": 1533,
            "thresholds": {
                "rate<0.10": false
            },
            "value": 0.02666666666666667
        },
        "payment_failure_rate": {
            "passes": 42,
            "fails": 1533,
            "value": 0.02666666666666667
        },
        "http_req_tls_handshaking": {
            "p(95)": 0,
            "avg": 0,
            "min": 0,
            "med": 0,
            "max": 0,
            "p(90)": 0
        },
        "http_req_duration{expected_response:true}": {
            "max": 626.26,
            "p(90)": 573.91086,
            "p(95)": 592.21442,
            "avg": 410.12808493150686,
            "min": 204.1529,
            "med": 408.7792
        },
        "http_req_sending": {
            "p(95)": 0,
            "avg": 0.01211930158730159,
            "min": 0,
            "med": 0,
            "max": 0.7608,
            "p(90)": 0
        },
        "http_req_receiving": {
            "avg": 0.6430747936507937,
            "min": 0,
            "med": 0.7789,
            "max": 2.2677,
            "p(90)": 1.1926400000000004,
            "p(95)": 1.32393
        }
    }
}